id,first_name,last_name,email,gender
1,Marchall,Esland,mesland0@meetup.com,Male
2,Darill,O'Hoey,dohoey1@vkontakte.ru,Male
3,Bill,Mahood,bmahood2@dailymail.co.uk,Male
4,Kevan,Dungay,kdungay3@tmall.com,Male
5,Brigit,MacFadin,bmacfadin4@chron.com,Female
6,Joete,Normanville,jnormanville5@paypal.com,Female
7,Freida,Ainslie,fainslie6@cam.ac.uk,Female
8,Urbain,Peer,upeer7@theguardian.com,Male
9,Cointon,Whitelaw,cwhitelaw8@chron.com,Male
10,Bartie,Bryett,bbryett9@mozilla.com,Male
11,Romain,Boldison,rboldisona@nhs.uk,Male
12,Lenore,Bunstone,lbunstoneb@toplist.cz,Female
13,Ephrem,Allbrook,eallbrookc@technorati.com,Male
14,Avery,Aldren,aaldrend@usatoday.com,Male
15,Nicolle,Frankis,nfrankise@blinklist.com,Female
16,Marvin,Grishelyov,mgrishelyovf@nsw.gov.au,Male
17,Foster,Allberry,fallberryg@elpais.com,Male
18,Phillida,Simms,psimmsh@sun.com,Female
19,Brittaney,McTavish,bmctavishi@lulu.com,Female
20,Madison,Coaker,mcoakerj@webeden.co.uk,Male
21,Biddy,Bernhardsson,bbernhardssonk@ning.com,Female
22,Oberon,Benes,obenesl@gizmodo.com,Male
23,Savina,Powis,spowism@marriott.com,Female
24,Pammy,Flintiff,pflintiffn@sitemeter.com,Female
25,Rania,Copland,rcoplando@timesonline.co.uk,Female
26,Janette,Ca,jcap@msu.edu,Female
27,Lory,Klug,lklugq@eepurl.com,Female
28,Hetti,Asken,haskenr@barnesandnoble.com,Female
29,Burk,Phippin,bphippins@nih.gov,Male
30,Fax,Chotty,fchottyt@miibeian.gov.cn,Male
31,Bunny,Szwarc,bszwarcu@smugmug.com,Female
32,Melesa,Newbatt,mnewbattv@arstechnica.com,Female
33,Morgen,Haswall,mhaswallw@princeton.edu,Male
34,Claudius,Filisov,cfilisovx@exblog.jp,Male
35,Arty,Frazer,afrazery@domainmarket.com,Male
36,Algernon,McGeouch,amcgeouchz@histats.com,Male
37,Ardath,Livezey,alivezey10@miitbeian.gov.cn,Female
38,Mariam,Collumbell,mcollumbell11@icq.com,Female
39,Kassandra,Linton,klinton12@sfgate.com,Female
40,Constantina,Brook,cbrook13@github.com,Female
41,Yorgos,Kimbury,ykimbury14@i2i.jp,Male
42,Spense,Edington,sedington15@ftc.gov,Male
43,Ewart,Lehemann,elehemann16@fda.gov,Male
44,Cathrine,Glowach,cglowach17@ucoz.ru,Female
45,Teresita,Kerbey,tkerbey18@slashdot.org,Female
46,Peg,Vassall,pvassall19@addtoany.com,Female
47,Idalina,Scurrell,iscurrell1a@ow.ly,Female
48,Riobard,Bart,rbart1b@xing.com,Male
49,Waring,Rudsdale,wrudsdale1c@jigsy.com,Male
50,Dermot,Sahlstrom,dsahlstrom1d@ebay.co.uk,Male
51,Flinn,Kilpin,fkilpin1e@lycos.com,Male
52,Thomasina,Slocom,tslocom1f@fastcompany.com,Female
53,Jard,Burrill,jburrill1g@wikia.com,Male
54,Alfi,Duferie,aduferie1h@wikispaces.com,Female
55,Matthew,Hafner,mhafner1i@biglobe.ne.jp,Male
56,Kev,Arnoud,karnoud1j@unc.edu,Male
57,Brittney,Wollard,bwollard1k@zdnet.com,Female
58,Yvette,Potteril,ypotteril1l@mashable.com,Female
59,Hamnet,Merrisson,hmerrisson1m@about.com,Male
60,Normie,Harder,nharder1n@dot.gov,Male
61,Berri,Maltster,bmaltster1o@shinystat.com,Female
62,Abbot,Cusick,acusick1p@admin.ch,Male
63,Lowe,Neggrini,lneggrini1q@list-manage.com,Male
64,Gordie,Nickoll,gnickoll1r@mit.edu,Male
65,Nanon,Lichfield,nlichfield1s@chron.com,Female
66,Dyana,Rama,drama1t@wikispaces.com,Female
67,Kiley,Aslett,kaslett1u@csmonitor.com,Female
68,Federica,Witcomb,fwitcomb1v@psu.edu,Female
69,Tana,Anstee,tanstee1w@toplist.cz,Female
70,Barnaby,Fritzer,bfritzer1x@godaddy.com,Male
71,Marjorie,Ondricek,mondricek1y@salon.com,Female
72,Cybil,Reach,creach1z@feedburner.com,Female
73,Ysabel,Searby,ysearby20@wikia.com,Female
74,Erin,Gersam,egersam21@typepad.com,Male
75,Tanya,Titchener,ttitchener22@pcworld.com,Female
76,Kristoffer,Manuaud,kmanuaud23@t-online.de,Male
77,Paton,Cashley,pcashley24@seattletimes.com,Male
78,Iosep,McHenry,imchenry25@tinypic.com,Male
79,Taddeusz,Gary,tgary26@toplist.cz,Male
80,Joachim,McCrainor,jmccrainor27@ca.gov,Male
81,Giuditta,Allin,gallin28@si.edu,Female
82,Penni,Elcome,pelcome29@gnu.org,Female
83,Farley,Cartmell,fcartmell2a@tripod.com,Male
84,Margaret,Nilges,mnilges2b@jimdo.com,Female
85,Sidonia,Ruggs,sruggs2c@marketwatch.com,Female
86,Peta,Skouling,pskouling2d@amazonaws.com,Female
87,Kylie,Scourgie,kscourgie2e@oracle.com,Male
88,Nanice,Wibrew,nwibrew2f@yelp.com,Female
89,Colly,Ashfull,cashfull2g@yelp.com,Female
90,Miltie,Bathoe,mbathoe2h@eepurl.com,Male
91,Cad,Goacher,cgoacher2i@skype.com,Male
92,Juliane,Yukhnevich,jyukhnevich2j@utexas.edu,Female
93,Wilhelmina,Whines,wwhines2k@techcrunch.com,Female
94,Berny,Tute,btute2l@webeden.co.uk,Female
95,Korney,Greenrod,kgreenrod2m@europa.eu,Female
96,Camala,Girsch,cgirsch2n@wisc.edu,Female
97,Jolene,Diemer,jdiemer2o@discuz.net,Female
98,Mora,Wellum,mwellum2p@de.vu,Female
99,Dalis,Benzies,dbenzies2q@w3.org,Male
100,Tana,Leyband,tleyband2r@harvard.edu,Female
101,Dal,Edgeley,dedgeley2s@vimeo.com,Male
102,Arte,De Gregario,adegregario2t@reuters.com,Male
103,Karna,Bunner,kbunner2u@nhs.uk,Female
104,Dudley,Connor,dconnor2v@a8.net,Male
105,Antoine,Titheridge,atitheridge2w@berkeley.edu,Male
106,Lem,Shortcliffe,lshortcliffe2x@google.fr,Male
107,Chelsea,Mityashev,cmityashev2y@gnu.org,Female
108,Lil,Baistow,lbaistow2z@psu.edu,Female
109,Kimbra,Carrack,kcarrack30@rakuten.co.jp,Female
110,Noak,Splevings,nsplevings31@kickstarter.com,Male
111,Cob,Rayworth,crayworth32@army.mil,Male
112,Langston,Jeannin,ljeannin33@wordpress.org,Male
113,Honoria,Biasetti,hbiasetti34@cocolog-nifty.com,Female
114,Brady,Bolley,bbolley35@walmart.com,Male
115,Kelsy,Eates,keates36@virginia.edu,Female
116,Lennie,Wiggins,lwiggins37@aol.com,Male
117,Kelley,Killimister,kkillimister38@123-reg.co.uk,Female
118,Belvia,Bramich,bbramich39@parallels.com,Female
119,Tami,Harsnipe,tharsnipe3a@symantec.com,Female
120,Minny,Wilce,mwilce3b@spotify.com,Female
121,Ann-marie,Colliar,acolliar3c@quantcast.com,Female
122,Amie,Rhys,arhys3d@twitpic.com,Female
123,Traci,Longina,tlongina3e@hostgator.com,Female
124,Lurette,Kiggel,lkiggel3f@acquirethisname.com,Female
125,Ileane,De Cruze,idecruze3g@wikimedia.org,Female
126,Ariel,Tritten,atritten3h@i2i.jp,Female
127,Hazel,Rippen,hrippen3i@ox.ac.uk,Female
128,Giacopo,Toulamain,gtoulamain3j@narod.ru,Male
129,Kevin,Ablitt,kablitt3k@jimdo.com,Male
130,Ulrike,Schimmang,uschimmang3l@weibo.com,Female
131,Dorian,Oldcroft,doldcroft3m@weebly.com,Male
132,Nerta,Fakes,nfakes3n@abc.net.au,Female
133,Tudor,Riolfo,triolfo3o@typepad.com,Male
134,Kelvin,Anthon,kanthon3p@macromedia.com,Male
135,Dylan,Bustard,dbustard3q@rediff.com,Male
136,Angelico,Rosencwaig,arosencwaig3r@macromedia.com,Male
137,Corny,Dericut,cdericut3s@mail.ru,Male
138,Lynn,Schuck,lschuck3t@e-recht24.de,Female
139,Liza,Faill,lfaill3u@i2i.jp,Female
140,Isabeau,Justham,ijustham3v@home.pl,Female
141,Sidonnie,Fulkes,sfulkes3w@amazon.de,Female
142,Vitia,Petcher,vpetcher3x@slideshare.net,Female
143,Zahara,Gullivent,zgullivent3y@github.io,Female
144,Alexandrina,Leythley,aleythley3z@dot.gov,Female
145,Lazar,Vero,lvero40@usda.gov,Male
146,Diannne,Smalls,dsmalls41@indiatimes.com,Female
147,Rawley,Notti,rnotti42@umich.edu,Male
148,Bibi,Lucy,blucy43@hugedomains.com,Female
149,Ulysses,Glossup,uglossup44@yale.edu,Male
150,Cindra,Landsman,clandsman45@ning.com,Female
151,Marika,Fathers,mfathers46@uol.com.br,Female
152,Misti,Van Niekerk,mvanniekerk47@omniture.com,Female
153,Stephanie,Darree,sdarree48@theatlantic.com,Female
154,Shara,Feavearyear,sfeavearyear49@cdc.gov,Female
155,Holly-anne,Knatt,hknatt4a@pagesperso-orange.fr,Female
156,Rhianon,Joberne,rjoberne4b@flavors.me,Female
157,Juliette,Glowacha,jglowacha4c@auda.org.au,Female
158,Jon,Goulbourne,jgoulbourne4d@gov.uk,Male
159,Renie,Hagergham,rhagergham4e@toplist.cz,Female
160,Sharline,Curee,scuree4f@globo.com,Female
161,Justino,Pursehouse,jpursehouse4g@wikimedia.org,Male
162,Jaimie,Bains,jbains4h@techcrunch.com,Male
163,Solomon,Monday,smonday4i@sohu.com,Male
164,Putnem,Hitchens,phitchens4j@stumbleupon.com,Male
165,Alford,Bartod,abartod4k@twitter.com,Male
166,Georgy,Coetzee,gcoetzee4l@go.com,Male
167,Skippy,Proudlock,sproudlock4m@geocities.jp,Male
168,Gerta,Hallet,ghallet4n@house.gov,Female
169,Richmound,Yannikov,ryannikov4o@sakura.ne.jp,Male
170,Adrianna,Stangroom,astangroom4p@jugem.jp,Female
171,Modestine,Langwade,mlangwade4q@cbsnews.com,Female
172,Noel,Polland,npolland4r@auda.org.au,Male
173,Christen,Scherer,cscherer4s@opensource.org,Female
174,Tiffany,Stock,tstock4t@toplist.cz,Female
175,Thalia,Ashdown,tashdown4u@imageshack.us,Female
176,Marion,Wortman,mwortman4v@nasa.gov,Male
177,Denny,Orrin,dorrin4w@instagram.com,Female
178,Eleanor,Maffione,emaffione4x@microsoft.com,Female
179,Dina,Sheals,dsheals4y@yellowbook.com,Female
180,Andrei,Mulchrone,amulchrone4z@soup.io,Female
181,Mathilda,Lemarie,mlemarie50@shutterfly.com,Female
182,Walsh,Jewkes,wjewkes51@nps.gov,Male
183,Matteo,Gilbey,mgilbey52@google.nl,Male
184,Mallory,Longworthy,mlongworthy53@unc.edu,Male
185,Leesa,Verden,lverden54@blogtalkradio.com,Female
186,Christiano,Biset,cbiset55@w3.org,Male
187,Dolores,Rosario,drosario56@intel.com,Female
188,Ferdy,Dirand,fdirand57@upenn.edu,Male
189,Ninette,Ivanaev,nivanaev58@fastcompany.com,Female
190,Sal,Strase,sstrase59@cdbaby.com,Male
191,Kurt,Fried,kfried5a@odnoklassniki.ru,Male
192,Kelci,Arias,karias5b@icio.us,Female
193,Dawn,Gonning,dgonning5c@theatlantic.com,Female
194,Dorotea,Mundow,dmundow5d@etsy.com,Female
195,Rockie,McReedy,rmcreedy5e@github.io,Male
196,Payton,Ginnelly,pginnelly5f@examiner.com,Male
197,Brock,Visick,bvisick5g@flavors.me,Male
198,Jillane,Miguel,jmiguel5h@ca.gov,Female
199,Hogan,Kemmey,hkemmey5i@studiopress.com,Male
200,Allyn,Battison,abattison5j@nyu.edu,Male
201,Drud,Malloy,dmalloy5k@hud.gov,Male
202,Donia,Drivers,ddrivers5l@wikipedia.org,Female
203,Pippa,MacGowing,pmacgowing5m@so-net.ne.jp,Female
204,Erhart,Dael,edael5n@qq.com,Male
205,Carena,Gerrens,cgerrens5o@rakuten.co.jp,Female
206,Woodman,Cooney,wcooney5p@technorati.com,Male
207,Patricio,Vasilechko,pvasilechko5q@elpais.com,Male
208,Ade,Prendeguest,aprendeguest5r@toplist.cz,Male
209,Boyce,Napton,bnapton5s@alibaba.com,Male
210,Jehanna,Cellier,jcellier5t@wired.com,Female
211,Giustino,Doyley,gdoyley5u@unesco.org,Male
212,Jared,Scullin,jscullin5v@cyberchimps.com,Male
213,Bartholomeo,Van der Krui,bvanderkrui5w@histats.com,Male
214,Chevalier,Episcopi,cepiscopi5x@sciencedaily.com,Male
215,Kort,Keeves,kkeeves5y@elpais.com,Male
216,Ruby,Tunnadine,rtunnadine5z@cocolog-nifty.com,Female
217,Calv,Meagh,cmeagh60@meetup.com,Male
218,Kristal,Stanlack,kstanlack61@google.cn,Female
219,Jaimie,Dyett,jdyett62@hud.gov,Male
220,Desirae,Ramberg,dramberg63@istockphoto.com,Female
221,Iggy,Gibbins,igibbins64@washingtonpost.com,Male
222,Arlen,Emblen,aemblen65@engadget.com,Male
223,Caro,Telfer,ctelfer66@merriam-webster.com,Female
224,Garold,Trew,gtrew67@stumbleupon.com,Male
225,Catriona,Rivelon,crivelon68@cargocollective.com,Female
226,Elmer,Halton,ehalton69@tinypic.com,Male
227,Otes,Housby,ohousby6a@google.co.uk,Male
228,Margareta,Edeson,medeson6b@cnn.com,Female
229,Grant,Wadeling,gwadeling6c@prlog.org,Male
230,Jere,Gladwish,jgladwish6d@illinois.edu,Female
231,Killian,Kinnach,kkinnach6e@cmu.edu,Male
232,Ermanno,Jovicevic,ejovicevic6f@abc.net.au,Male
233,Grayce,Skeech,gskeech6g@artisteer.com,Female
234,Amil,Toffanini,atoffanini6h@ameblo.jp,Female
235,Sully,Sherman,ssherman6i@craigslist.org,Male
236,Aldrich,Coatsworth,acoatsworth6j@independent.co.uk,Male
237,Persis,Pethick,ppethick6k@gravatar.com,Female
238,Colette,Ginman,cginman6l@fastcompany.com,Female
239,April,Goulter,agoulter6m@about.com,Female
240,Quincy,Kyne,qkyne6n@disqus.com,Male
241,Hillard,Baldock,hbaldock6o@java.com,Male
242,Paulo,Rosenqvist,prosenqvist6p@sciencedirect.com,Male
243,Fawne,Bindon,fbindon6q@godaddy.com,Female
244,Yetta,Meynell,ymeynell6r@trellian.com,Female
245,Leann,Quaintance,lquaintance6s@arstechnica.com,Female
246,Casey,Husselbee,chusselbee6t@noaa.gov,Female
247,Leighton,Spurman,lspurman6u@cocolog-nifty.com,Male
248,Roana,Vezey,rvezey6v@blogs.com,Female
249,Leonora,Station,lstation6w@washington.edu,Female
250,Ken,Marusyak,kmarusyak6x@miitbeian.gov.cn,Male
251,Leonerd,Rowson,lrowson6y@homestead.com,Male
252,Hazel,Oldroyde,holdroyde6z@adobe.com,Female
253,Pavel,Burtonwood,pburtonwood70@edublogs.org,Male
254,Basilius,Campbell,bcampbell71@howstuffworks.com,Male
255,Ruthy,Adamolli,radamolli72@ifeng.com,Female
256,Filberte,Charon,fcharon73@usatoday.com,Male
257,Patty,Brito,pbrito74@mac.com,Male
258,Stephenie,Rosenbaum,srosenbaum75@free.fr,Female
259,Kanya,Betchley,kbetchley76@google.pl,Female
260,Urson,Zwicker,uzwicker77@google.ru,Male
261,Sharona,Langstaff,slangstaff78@amazonaws.com,Female
262,Hattie,Braniff,hbraniff79@netscape.com,Female
263,Alice,Itzkovwich,aitzkovwich7a@furl.net,Female
264,Benji,Kettoe,bkettoe7b@cnet.com,Male
265,Towney,O'Caine,tocaine7c@goo.ne.jp,Male
266,Darcey,Lamburne,dlamburne7d@jiathis.com,Female
267,Erik,Bellworthy,ebellworthy7e@163.com,Male
268,Woody,Durrans,wdurrans7f@archive.org,Male
269,Julietta,Fould,jfould7g@china.com.cn,Female
270,Orly,Lannen,olannen7h@webnode.com,Female
271,Shea,Zammett,szammett7i@edublogs.org,Female
272,Paten,Simeonov,psimeonov7j@arizona.edu,Male
273,Jard,Bennetts,jbennetts7k@upenn.edu,Male
274,Corri,Etty,cetty7l@exblog.jp,Female
275,Averil,Richen,arichen7m@zdnet.com,Female
276,Germain,Gunson,ggunson7n@eventbrite.com,Female
277,Morissa,Twigger,mtwigger7o@state.gov,Female
278,Mattie,Audritt,maudritt7p@addthis.com,Female
279,Devina,Walpole,dwalpole7q@webs.com,Female
280,Aldous,Ickovicz,aickovicz7r@smh.com.au,Male
281,Felicle,Biasini,fbiasini7s@uol.com.br,Female
282,Katina,Leguay,kleguay7t@businessinsider.com,Female
283,Cindi,Bischof,cbischof7u@1688.com,Female
284,Paddie,Whiscard,pwhiscard7v@baidu.com,Male
285,Pearce,Chapell,pchapell7w@google.es,Male
286,Mignonne,Readett,mreadett7x@com.com,Female
287,Courtnay,Woods,cwoods7y@reverbnation.com,Male
288,Legra,Colebrook,lcolebrook7z@cam.ac.uk,Female
289,Simonne,Dunford,sdunford80@rakuten.co.jp,Female
290,Avis,Larcombe,alarcombe81@unc.edu,Female
291,Olwen,Laborda,olaborda82@bloglovin.com,Female
292,Flory,Jayme,fjayme83@mapquest.com,Male
293,Cob,Wharton,cwharton84@newyorker.com,Male
294,Sophronia,Sally,ssally85@wunderground.com,Female
295,Fairleigh,Doolan,fdoolan86@usa.gov,Male
296,Euell,Bernardeau,ebernardeau87@hexun.com,Male
297,Malanie,Reese,mreese88@surveymonkey.com,Female
298,Eachelle,Klaes,eklaes89@photobucket.com,Female
299,Annamarie,Hearst,ahearst8a@scribd.com,Female
300,Grove,Horrigan,ghorrigan8b@drupal.org,Male
301,Bess,Gaymar,bgaymar8c@360.cn,Female
302,Em,Woolmer,ewoolmer8d@wordpress.org,Male
303,Claresta,Gotliffe,cgotliffe8e@unesco.org,Female
304,Patin,Angric,pangric8f@yellowbook.com,Male
305,Putnam,Tabbernor,ptabbernor8g@mysql.com,Male
306,Clair,Sawbridge,csawbridge8h@addthis.com,Female
307,Denver,Dillingham,ddillingham8i@sitemeter.com,Male
308,Herschel,Le Lievre,hlelievre8j@youku.com,Male
309,Madelene,Emanson,memanson8k@exblog.jp,Female
310,Henri,Shimwall,hshimwall8l@webmd.com,Male
311,Renaldo,Chamberlaine,rchamberlaine8m@furl.net,Male
312,Bern,Newgrosh,bnewgrosh8n@geocities.jp,Male
313,Yolanthe,Waleworke,ywaleworke8o@odnoklassniki.ru,Female
314,Flossie,Bransden,fbransden8p@smh.com.au,Female
315,Tabor,Planks,tplanks8q@mashable.com,Male
316,Joela,Mattiazzi,jmattiazzi8r@1688.com,Female
317,Brenn,Jain,bjain8s@zimbio.com,Female
318,Ryun,Purkiss,rpurkiss8t@scribd.com,Male
319,Katheryn,Melburg,kmelburg8u@columbia.edu,Female
320,Nealon,Piccard,npiccard8v@sun.com,Male
321,Shana,Harpham,sharpham8w@admin.ch,Female
322,Jonell,Rudolfer,jrudolfer8x@alexa.com,Female
323,Norman,Leser,nleser8y@xinhuanet.com,Male
324,Candace,Varey,cvarey8z@goodreads.com,Female
325,Merell,Adam,madam90@cdc.gov,Male
326,Glori,Pietz,gpietz91@devhub.com,Female
327,Sonya,Hiley,shiley92@howstuffworks.com,Female
328,Dewain,Larchiere,dlarchiere93@businessinsider.com,Male
329,Lucio,Mosdill,lmosdill94@slate.com,Male
330,Sophey,Paty,spaty95@paginegialle.it,Female
331,Freedman,Branford,fbranford96@uol.com.br,Male
332,Nissy,Merrigans,nmerrigans97@acquirethisname.com,Female
333,Josefina,Bexley,jbexley98@opensource.org,Female
334,Derick,Dufore,ddufore99@cam.ac.uk,Male
335,Tallulah,Taye,ttaye9a@mozilla.org,Female
336,Tedd,Shorten,tshorten9b@tumblr.com,Male
337,Fanechka,Kleewein,fkleewein9c@usatoday.com,Female
338,Claudelle,Wisdom,cwisdom9d@cpanel.net,Female
339,Ardella,Leiden,aleiden9e@earthlink.net,Female
340,Molly,Miklem,mmiklem9f@tiny.cc,Female
341,Dominique,Bare,dbare9g@nasa.gov,Female
342,Merlina,Caves,mcaves9h@cnn.com,Female
343,Hatti,Everill,heverill9i@army.mil,Female
344,Benedick,Kobera,bkobera9j@china.com.cn,Male
345,Marylynne,Vince,mvince9k@twitpic.com,Female
346,Alfredo,Steggals,asteggals9l@army.mil,Male
347,Alon,Fearnall,afearnall9m@mediafire.com,Male
348,Juliet,Osbourn,josbourn9n@alexa.com,Female
349,Flory,Burkhill,fburkhill9o@omniture.com,Male
350,Magdaia,Stores,mstores9p@arstechnica.com,Female
351,Sorcha,Utteridge,sutteridge9q@hhs.gov,Female
352,Rachelle,Allardyce,rallardyce9r@slashdot.org,Female
353,Blaine,Horsewood,bhorsewood9s@biblegateway.com,Male
354,Daisi,Rew,drew9t@mlb.com,Female
355,Irving,Cantos,icantos9u@example.com,Male
356,Charlton,Brimmell,cbrimmell9v@soup.io,Male
357,Hew,Wurst,hwurst9w@skype.com,Male
358,Edwina,Vogeller,evogeller9x@dot.gov,Female
359,Giorgio,Sherebrook,gsherebrook9y@odnoklassniki.ru,Male
360,Rollins,Wraight,rwraight9z@npr.org,Male
361,Alford,Sulman,asulmana0@facebook.com,Male
362,Forbes,Tyce,ftycea1@comcast.net,Male
363,Cazzie,Wilks,cwilksa2@sakura.ne.jp,Male
364,Riane,Banbury,rbanburya3@scribd.com,Female
365,Sharla,Algy,salgya4@ft.com,Female
366,Sunny,Vedenisov,svedenisova5@squidoo.com,Male
367,Clevey,Collingdon,ccollingdona6@va.gov,Male
368,Gearard,Newvell,gnewvella7@gmpg.org,Male
369,Jen,Klimke,jklimkea8@globo.com,Female
370,Thebault,Surphliss,tsurphlissa9@wired.com,Male
371,Beatriz,Jery,bjeryaa@friendfeed.com,Female
372,Ludwig,Le Noir,llenoirab@elpais.com,Male
373,Wilhelmine,Achurch,wachurchac@chron.com,Female
374,Pooh,Ottewill,pottewillad@psu.edu,Male
375,Giavani,Obal,gobalae@scientificamerican.com,Male
376,Bethany,Krop,bkropaf@mysql.com,Female
377,Tori,Soper,tsoperag@4shared.com,Female
378,Robina,Flieger,rfliegerah@canalblog.com,Female
379,Meaghan,Hanby,mhanbyai@wordpress.com,Female
380,Flossie,Slany,fslanyaj@google.it,Female
381,Alena,Harsnipe,aharsnipeak@apple.com,Female
382,Kalle,Hailston,khailstonal@craigslist.org,Male
383,Gillian,Jurgensen,gjurgensenam@cafepress.com,Female
384,Melody,Hischke,mhischkean@bluehost.com,Female
385,Kendall,Bridgett,kbridgettao@dion.ne.jp,Male
386,Evin,Geerling,egeerlingap@artisteer.com,Male
387,Gill,Grishinov,ggrishinovaq@shareasale.com,Male
388,Chas,Curds,ccurdsar@zimbio.com,Male
389,Abelard,Quinell,aquinellas@ifeng.com,Male
390,Cam,Sambeck,csambeckat@networkadvertising.org,Male
391,Melisent,Traut,mtrautau@prnewswire.com,Female
392,Wyn,Fidock,wfidockav@virginia.edu,Male
393,Fredelia,Litherland,flitherlandaw@nasa.gov,Female
394,Jesus,Patman,jpatmanax@smh.com.au,Male
395,Cooper,Element,celementay@odnoklassniki.ru,Male
396,Carolann,Bamlett,cbamlettaz@newsvine.com,Female
397,Hamid,Helks,hhelksb0@ebay.com,Male
398,Kaile,Hess,khessb1@behance.net,Female
399,Harley,De Anesy,hdeanesyb2@bbb.org,Male
400,Katheryn,Scyone,kscyoneb3@boston.com,Female
401,Vinnie,Rivett,vrivettb4@taobao.com,Male
402,Everard,Finker,efinkerb5@issuu.com,Male
403,Gilli,Spurdens,gspurdensb6@exblog.jp,Female
404,Heidi,Duhig,hduhigb7@state.tx.us,Female
405,Rochette,Newlands,rnewlandsb8@eventbrite.com,Female
406,Selena,Tyson,stysonb9@friendfeed.com,Female
407,Shepard,Blamires,sblamiresba@bbb.org,Male
408,Bea,Abeles,babelesbb@friendfeed.com,Female
409,Carlie,Disdel,cdisdelbc@scribd.com,Female
410,Gillian,Janu,gjanubd@wordpress.com,Female
411,Geri,Bloomer,gbloomerbe@prweb.com,Female
412,Christan,Olijve,colijvebf@samsung.com,Female
413,Meg,Rosedale,mrosedalebg@flickr.com,Female
414,Paddie,Dancy,pdancybh@disqus.com,Male
415,Tanney,Burchett,tburchettbi@hatena.ne.jp,Male
416,Cherye,Grinley,cgrinleybj@phoca.cz,Female
417,Jania,Josling,jjoslingbk@phpbb.com,Female
418,Sibyl,Steddall,ssteddallbl@illinois.edu,Male
419,Lanie,Florentine,lflorentinebm@wp.com,Female
420,Finley,Slaughter,fslaughterbn@theglobeandmail.com,Male
421,Ric,Grinnov,rgrinnovbo@biglobe.ne.jp,Male
422,Carroll,Lebbon,clebbonbp@statcounter.com,Male
423,Harriet,Bucklan,hbucklanbq@photobucket.com,Female
424,Perle,Farloe,pfarloebr@alibaba.com,Female
425,Jasper,Jennick,jjennickbs@thetimes.co.uk,Male
426,Gretel,Rigney,grigneybt@narod.ru,Female
427,Analiese,Formby,aformbybu@illinois.edu,Female
428,Valentino,Faire,vfairebv@hatena.ne.jp,Male
429,Zedekiah,Frantzeni,zfrantzenibw@mashable.com,Male
430,Audre,Cunnane,acunnanebx@mozilla.com,Female
431,Dory,Drewet,ddrewetby@howstuffworks.com,Female
432,Sadella,Worrall,sworrallbz@php.net,Female
433,Brooke,Barthot,bbarthotc0@dropbox.com,Male
434,Evvie,Cestard,ecestardc1@vimeo.com,Female
435,Clary,Roon,croonc2@businessinsider.com,Female
436,Zitella,Shildrick,zshildrickc3@pen.io,Female
437,Dud,Gregoli,dgregolic4@furl.net,Male
438,Olvan,Nockles,onocklesc5@google.cn,Male
439,Oren,Mendonca,omendoncac6@google.cn,Male
440,Lauraine,Macken,lmackenc7@ameblo.jp,Female
441,Loralee,O'Dyvoy,lodyvoyc8@slashdot.org,Female
442,Donella,Livesay,dlivesayc9@soup.io,Female
443,Guthry,Ivanets,givanetsca@nydailynews.com,Male
444,Darbie,Lazenby,dlazenbycb@amazon.co.jp,Female
445,Blithe,Morrant,bmorrantcc@163.com,Female
446,Korie,Sorrill,ksorrillcd@tripadvisor.com,Female
447,Jacqueline,Senechell,jsenechellce@oracle.com,Female
448,Mason,Fontaine,mfontainecf@yandex.ru,Male
449,Salem,Tejada,stejadacg@berkeley.edu,Male
450,Rosa,Conyer,rconyerch@google.ru,Female
451,Jackelyn,Maddin,jmaddinci@nbcnews.com,Female
452,Bondy,Conville,bconvillecj@com.com,Male
453,Bondon,Worman,bwormanck@4shared.com,Male
454,Ollie,Cantrill,ocantrillcl@miitbeian.gov.cn,Female
455,Pammy,McAleese,pmcaleesecm@booking.com,Female
456,Trenton,Jendrys,tjendryscn@blog.com,Male
457,Loy,Sowten,lsowtenco@networkadvertising.org,Male
458,Cecilius,Echalie,cechaliecp@moonfruit.com,Male
459,Gray,Veldman,gveldmancq@nymag.com,Female
460,Woodman,Ipwell,wipwellcr@meetup.com,Male
461,Jolene,Martinet,jmartinetcs@google.ru,Female
462,Brocky,Kuhnt,bkuhntct@vistaprint.com,Male
463,Davidde,Groome,dgroomecu@cyberchimps.com,Male
464,Lauri,Revey,lreveycv@taobao.com,Female
465,Jeffie,Goslin,jgoslincw@delicious.com,Male
466,Darren,Paolone,dpaolonecx@opensource.org,Male
467,Celie,Loades,cloadescy@cornell.edu,Female
468,Gabriellia,Izard,gizardcz@elpais.com,Female
469,Mace,Poulglais,mpoulglaisd0@google.pl,Male
470,Fleurette,Gillford,fgillfordd1@wix.com,Female
471,Burlie,Masurel,bmasureld2@umich.edu,Male
472,Regina,Wauchope,rwauchoped3@altervista.org,Female
473,Rufus,Sweetnam,rsweetnamd4@patch.com,Male
474,Broddy,Baurerich,bbaurerichd5@forbes.com,Male
475,Kalle,Raymen,kraymend6@networkadvertising.org,Male
476,Jania,Halladay,jhalladayd7@dropbox.com,Female
477,Holly,Belsham,hbelshamd8@opensource.org,Male
478,Lelah,Jaukovic,ljaukovicd9@goo.gl,Female
479,Janela,Treacher,jtreacherda@sourceforge.net,Female
480,Carole,Douglass,cdouglassdb@bing.com,Female
481,Everard,Senchenko,esenchenkodc@irs.gov,Male
482,Corrinne,Rubberts,crubbertsdd@creativecommons.org,Female
483,Faulkner,Parmenter,fparmenterde@bizjournals.com,Male
484,Donalt,Henlon,dhenlondf@myspace.com,Male
485,Cal,Penrice,cpenricedg@walmart.com,Male
486,Delila,Purbrick,dpurbrickdh@weibo.com,Female
487,Sam,Manwell,smanwelldi@blogs.com,Female
488,Joshua,Gobat,jgobatdj@engadget.com,Male
489,Morie,Flips,mflipsdk@squarespace.com,Male
490,Dorine,Jirsa,djirsadl@nifty.com,Female
491,Hortense,Marquese,hmarquesedm@tripadvisor.com,Female
492,Lonny,Galia,lgaliadn@bloomberg.com,Male
493,Krishnah,MacCrackan,kmaccrackando@yahoo.com,Male
494,Hillier,Hillatt,hhillattdp@geocities.com,Male
495,Sayre,Marryatt,smarryattdq@tuttocitta.it,Male
496,Esther,Odlin,eodlindr@merriam-webster.com,Female
497,Torrin,Trowbridge,ttrowbridgeds@pcworld.com,Male
498,Aaren,Bartos,abartosdt@aboutads.info,Female
499,Gayler,Cabrera,gcabreradu@blinklist.com,Male
500,Antone,Pencost,apencostdv@homestead.com,Male
501,Doreen,Bruckner,dbrucknerdw@slate.com,Female
502,Richardo,Fenwick,rfenwickdx@sitemeter.com,Male
503,Wendeline,Loadman,wloadmandy@reference.com,Female
504,Marylee,Bridewell,mbridewelldz@wunderground.com,Female
505,Lonnie,Billinge,lbillingee0@theglobeandmail.com,Female
506,Ronnie,Huriche,rhurichee1@ca.gov,Female
507,Harvey,Lamplugh,hlamplughe2@cmu.edu,Male
508,Godfree,Jobe,gjobee3@mail.ru,Male
509,Iorgos,Bolsover,ibolsovere4@dropbox.com,Male
510,Nerte,Twidle,ntwidlee5@clickbank.net,Female
511,Kipp,Griffe,kgriffee6@jugem.jp,Male
512,Correna,Castanos,ccastanose7@who.int,Female
513,Karia,Kempton,kkemptone8@disqus.com,Female
514,Byrle,Wedlock,bwedlocke9@adobe.com,Male
515,Harland,Hatz,hhatzea@sciencedaily.com,Male
516,Otes,Beaven,obeaveneb@reverbnation.com,Male
517,Mitchel,Millsap,mmillsapec@tiny.cc,Male
518,Morton,Blakeston,mblakestoned@netvibes.com,Male
519,Kingsley,Gley,kgleyee@noaa.gov,Male
520,Corinna,Scoates,cscoatesef@time.com,Female
521,Alessandra,Bunclark,abunclarkeg@is.gd,Female
522,Carlos,Hiland,chilandeh@spiegel.de,Male
523,Lyn,Noorwood,lnoorwoodei@addthis.com,Male
524,Orella,Gunstone,ogunstoneej@meetup.com,Female
525,Lory,Mudge,lmudgeek@unicef.org,Female
526,Mozelle,Tydeman,mtydemanel@alibaba.com,Female
527,Nancey,Lonsbrough,nlonsbroughem@reference.com,Female
528,Linzy,Noyce,lnoyceen@wikispaces.com,Female
529,Nikolas,Iacoboni,niacobonieo@so-net.ne.jp,Male
530,Emmerich,Phetteplace,ephetteplaceep@wikispaces.com,Male
531,Jerri,Mustin,jmustineq@360.cn,Male
532,Nerita,De Freitas,ndefreitaser@cam.ac.uk,Female
533,Kippar,Lugsdin,klugsdines@ehow.com,Male
534,Harmon,Garvie,hgarvieet@cmu.edu,Male
535,Reuben,Hurford,rhurfordeu@smh.com.au,Male
536,Rafa,McCrum,rmccrumev@1und1.de,Female
537,Carson,Ussher,cussherew@nymag.com,Male
538,Yvon,Saby,ysabyex@irs.gov,Male
539,Yale,Killbey,ykillbeyey@netlog.com,Male
540,Margy,Maslin,mmaslinez@cargocollective.com,Female
541,Meridith,Henner,mhennerf0@ft.com,Female
542,Marie-ann,Thalmann,mthalmannf1@amazon.de,Female
543,Janean,Yonge,jyongef2@comsenz.com,Female
544,Paton,Varns,pvarnsf3@ox.ac.uk,Male
545,Albie,Easterby,aeasterbyf4@stumbleupon.com,Male
546,Noland,Bedells,nbedellsf5@newyorker.com,Male
547,Roger,Winfred,rwinfredf6@vistaprint.com,Male
548,Bradly,Broadfield,bbroadfieldf7@virginia.edu,Male
549,Hadleigh,Cloughton,hcloughtonf8@google.co.jp,Male
550,Nicolina,Feldberg,nfeldbergf9@salon.com,Female
551,Hestia,Auty,hautyfa@paginegialle.it,Female
552,Joana,Iacovaccio,jiacovacciofb@go.com,Female
553,Reinhard,Blagdon,rblagdonfc@intel.com,Male
554,Riannon,Munton,rmuntonfd@narod.ru,Female
555,Temple,Woodruff,twoodrufffe@xinhuanet.com,Male
556,Wileen,Kingswood,wkingswoodff@ted.com,Female
557,Husain,Kelshaw,hkelshawfg@sogou.com,Male
558,Isacco,Meriel,imerielfh@xrea.com,Male
559,Norman,Edel,nedelfi@blinklist.com,Male
560,Tasha,Gino,tginofj@mac.com,Female
561,Tilda,Edmondson,tedmondsonfk@dyndns.org,Female
562,Hilarius,Bosence,hbosencefl@yale.edu,Male
563,Wileen,Eagles,weaglesfm@epa.gov,Female
564,Syman,Neiland,sneilandfn@arstechnica.com,Male
565,Noam,Oganian,noganianfo@blog.com,Male
566,Shoshana,Porter,sporterfp@cbslocal.com,Female
567,Noam,Kender,nkenderfq@mapy.cz,Male
568,Dahlia,Ernke,dernkefr@princeton.edu,Female
569,Hadrian,Drummond,hdrummondfs@gizmodo.com,Male
570,Tremayne,Baribal,tbaribalft@nhs.uk,Male
571,Adolpho,Westgarth,awestgarthfu@ycombinator.com,Male
572,Sebastien,Skedge,sskedgefv@live.com,Male
573,Erina,Kuhnwald,ekuhnwaldfw@mtv.com,Female
574,Rex,Lawty,rlawtyfx@networkadvertising.org,Male
575,Ignaz,Soro,isorofy@usda.gov,Male
576,Huey,Nother,hnotherfz@dell.com,Male
577,Herbert,Barfield,hbarfieldg0@nydailynews.com,Male
578,Darelle,O' Cuolahan,docuolahang1@wordpress.org,Female
579,Daffi,Hallt,dhalltg2@illinois.edu,Female
580,Demott,Gromley,dgromleyg3@twitter.com,Male
581,Barn,Antonomolii,bantonomoliig4@jugem.jp,Male
582,Johnna,Rama,jramag5@jalbum.net,Female
583,Hally,Biddlestone,hbiddlestoneg6@nifty.com,Female
584,Dre,Simeons,dsimeonsg7@intel.com,Female
585,Gertrude,Lowers,glowersg8@clickbank.net,Female
586,Lorita,Wrought,lwroughtg9@mapy.cz,Female
587,Tove,Barthelme,tbarthelmega@mayoclinic.com,Female
588,Gaby,Starzaker,gstarzakergb@msu.edu,Female
589,Lydon,McGilroy,lmcgilroygc@simplemachines.org,Male
590,Darelle,Conrart,dconrartgd@example.com,Female
591,Elnar,Zecchinelli,ezecchinellige@hud.gov,Male
592,Oswell,Fiske,ofiskegf@google.com.hk,Male
593,Arvy,Straffon,astraffongg@fda.gov,Male
594,Amaleta,Hadley,ahadleygh@desdev.cn,Female
595,Marmaduke,Petlyura,mpetlyuragi@soup.io,Male
596,Simeon,Gilhouley,sgilhouleygj@pen.io,Male
597,Kimbell,Balducci,kbalduccigk@purevolume.com,Male
598,Reginald,Gaven,rgavengl@odnoklassniki.ru,Male
599,Pieter,Blaiklock,pblaiklockgm@statcounter.com,Male
600,Jareb,Cansdall,jcansdallgn@canalblog.com,Male
601,Misti,Malcher,mmalchergo@homestead.com,Female
602,Nicholas,Redler,nredlergp@bing.com,Male
603,Angelica,Allcoat,aallcoatgq@ycombinator.com,Female
604,Izak,Secker,iseckergr@usgs.gov,Male
605,Lilly,Schruur,lschruurgs@nih.gov,Female
606,Steffen,Turford,sturfordgt@bigcartel.com,Male
607,Carson,Tollerton,ctollertongu@yale.edu,Male
608,Zollie,Bantham,zbanthamgv@ed.gov,Male
609,Klement,Iddenden,kiddendengw@ted.com,Male
610,Nero,Van Arsdalen,nvanarsdalengx@theguardian.com,Male
611,Kalie,Huc,khucgy@prweb.com,Female
612,Gil,Shitliffe,gshitliffegz@jiathis.com,Male
613,Vernor,Hall-Gough,vhallgoughh0@addtoany.com,Male
614,Brice,Jakab,bjakabh1@nasa.gov,Male
615,Cozmo,Taft,ctafth2@unesco.org,Male
616,Griswold,Llop,glloph3@live.com,Male
617,Niles,Pavy,npavyh4@bloomberg.com,Male
618,Feodora,Terren,fterrenh5@chicagotribune.com,Female
619,Berni,Sallans,bsallansh6@theglobeandmail.com,Female
620,Fraser,Teale,ftealeh7@rediff.com,Male
621,Grata,Kewzick,gkewzickh8@netscape.com,Female
622,Faustina,Oxtiby,foxtibyh9@home.pl,Female
623,Alyson,Guyer,aguyerha@apache.org,Female
624,Newton,O'Duggan,nodugganhb@cnbc.com,Male
625,Kim,Miliffe,kmiliffehc@mysql.com,Male
626,Jule,Sommerlie,jsommerliehd@icio.us,Male
627,Lia,Feuell,lfeuellhe@amazon.de,Female
628,Andria,Corstan,acorstanhf@amazon.co.jp,Female
629,Anissa,Douche,adouchehg@google.com.br,Female
630,Carrie,Ruddom,cruddomhh@china.com.cn,Female
631,Gottfried,Garbutt,ggarbutthi@vk.com,Male
632,Cassaundra,Lewzey,clewzeyhj@blogger.com,Female
633,Tiena,O'Cannavan,tocannavanhk@economist.com,Female
634,Forster,Morilla,fmorillahl@theguardian.com,Male
635,Nevile,Congrave,ncongravehm@google.co.jp,Male
636,Kristian,Landre,klandrehn@toplist.cz,Male
637,Ray,Braunroth,rbraunrothho@exblog.jp,Male
638,Randal,Graddon,rgraddonhp@berkeley.edu,Male
639,Myrna,Gregan,mgreganhq@yellowbook.com,Female
640,Chadwick,Brislen,cbrislenhr@storify.com,Male
641,Tabbie,Lordon,tlordonhs@jiathis.com,Male
642,Rolf,Bresland,rbreslandht@behance.net,Male
643,Elwyn,Elgee,eelgeehu@cpanel.net,Male
644,Rice,Thoumas,rthoumashv@google.it,Male
645,Aurel,Jepensen,ajepensenhw@istockphoto.com,Female
646,Shaun,Hanbury,shanburyhx@jiathis.com,Female
647,Ezequiel,Chapleo,echapleohy@domainmarket.com,Male
648,Land,Castro,lcastrohz@unicef.org,Male
649,Antonino,Hammersley,ahammersleyi0@virginia.edu,Male
650,Minta,Folshom,mfolshomi1@canalblog.com,Female
651,Rory,Bassil,rbassili2@vkontakte.ru,Male
652,Ailey,Helliwell,ahelliwelli3@mysql.com,Female
653,Hendrik,Pavyer,hpavyeri4@msu.edu,Male
654,Harlen,Nann,hnanni5@joomla.org,Male
655,Rowen,Hackey,rhackeyi6@ucla.edu,Male
656,Leonardo,Jurczyk,ljurczyki7@ocn.ne.jp,Male
657,Jeremie,Rathborne,jrathbornei8@etsy.com,Male
658,Aviva,Domenc,adomenci9@yandex.ru,Female
659,Cher,Sjollema,csjollemaia@ameblo.jp,Female
660,Cammy,Yielding,cyieldingib@issuu.com,Female
661,Orlan,Haynesford,ohaynesfordic@craigslist.org,Male
662,Eva,Von Welden,evonweldenid@cnbc.com,Female
663,Hildagard,Osmund,hosmundie@nationalgeographic.com,Female
664,Abdel,de Glanville,adeglanvilleif@cbsnews.com,Male
665,Blondelle,Sextie,bsextieig@ucla.edu,Female
666,Massimiliano,Itzkin,mitzkinih@themeforest.net,Male
667,Brittaney,Kupper,bkupperii@quantcast.com,Female
668,Rossy,Gritten,rgrittenij@1und1.de,Male
669,Byrom,Stilly,bstillyik@yahoo.co.jp,Male
670,Ricki,Dominicacci,rdominicacciil@bizjournals.com,Male
671,Dorotea,Stango,dstangoim@hhs.gov,Female
672,Windy,Powner,wpownerin@lycos.com,Female
673,Yehudit,Caddy,ycaddyio@cloudflare.com,Male
674,Sanderson,Mirrlees,smirrleesip@uiuc.edu,Male
675,Leicester,Mannin,lmanniniq@desdev.cn,Male
676,Rockwell,Sprakes,rsprakesir@reference.com,Male
677,Tann,Lyvon,tlyvonis@istockphoto.com,Male
678,Iorgos,Burbage,iburbageit@tripod.com,Male
679,Alexander,Frankowski,afrankowskiiu@slashdot.org,Male
680,Morly,Gavan,mgavaniv@nsw.gov.au,Male
681,Yovonnda,Moran,ymoraniw@altervista.org,Female
682,Elyssa,Wormald,ewormaldix@shutterfly.com,Female
683,Roxanne,Corrie,rcorrieiy@e-recht24.de,Female
684,Nertie,Tullot,ntullotiz@histats.com,Female
685,Harri,Cottem,hcottemj0@imageshack.us,Female
686,Nicolas,Wilprecht,nwilprechtj1@wired.com,Male
687,Hillary,Stopp,hstoppj2@state.tx.us,Female
688,Thornie,Doughartie,tdoughartiej3@google.it,Male
689,Marcie,Ryding,mrydingj4@topsy.com,Female
690,Valida,Switsur,vswitsurj5@slashdot.org,Female
691,Thorndike,Leadbitter,tleadbitterj6@ucoz.ru,Male
692,Cameron,Cothey,ccotheyj7@infoseek.co.jp,Male
693,Orel,Lindenboim,olindenboimj8@mtv.com,Female
694,Charlene,Maletratt,cmaletrattj9@linkedin.com,Female
695,Vally,Bartolomivis,vbartolomivisja@sitemeter.com,Female
696,Rosa,Bampford,rbampfordjb@virginia.edu,Female
697,Kimberlyn,Brunger,kbrungerjc@behance.net,Female
698,Hewie,Currall,hcurralljd@dropbox.com,Male
699,Dalston,Farnhill,dfarnhillje@liveinternet.ru,Male
700,Lodovico,Wressell,lwresselljf@github.io,Male
701,Sansone,Learoyde,slearoydejg@businesswire.com,Male
702,Abbey,Lemonby,alemonbyjh@google.pl,Male
703,Miguelita,De Biasio,mdebiasioji@goo.gl,Female
704,Audrie,Yushachkov,ayushachkovjj@nasa.gov,Female
705,Cherilyn,Fullick,cfullickjk@cnbc.com,Female
706,Clemmie,Glasspool,cglasspooljl@typepad.com,Male
707,Rog,Lashmore,rlashmorejm@digg.com,Male
708,Selby,Benediktsson,sbenediktssonjn@bbc.co.uk,Male
709,Ignacio,Ellam,iellamjo@dailymail.co.uk,Male
710,Jane,Gentzsch,jgentzschjp@foxnews.com,Female
711,Vanya,Elfleet,velfleetjq@tiny.cc,Female
712,Bar,Houdhury,bhoudhuryjr@npr.org,Male
713,Corena,Seid,cseidjs@wikimedia.org,Female
714,Jenelle,Hansard,jhansardjt@topsy.com,Female
715,Raphaela,Timny,rtimnyju@twitter.com,Female
716,Corie,Caldera,ccalderajv@shutterfly.com,Female
717,Cami,Aingell,caingelljw@php.net,Female
718,Betty,Ashfield,bashfieldjx@cbc.ca,Female
719,Alvinia,Staton,astatonjy@mit.edu,Female
720,Gaven,Gosdin,ggosdinjz@foxnews.com,Male
721,Duncan,Winkless,dwinklessk0@dailymotion.com,Male
722,Joanne,Kehoe,jkehoek1@mozilla.com,Female
723,Dosi,Overel,doverelk2@acquirethisname.com,Female
724,Nathanil,Mangenet,nmangenetk3@irs.gov,Male
725,Kaela,Dalgarnowch,kdalgarnowchk4@sohu.com,Female
726,Garik,Bringloe,gbringloek5@youku.com,Male
727,Valentin,Bardey,vbardeyk6@wikispaces.com,Male
728,Aura,Everson,aeversonk7@ehow.com,Female
729,Elihu,Francie,efranciek8@illinois.edu,Male
730,Herrick,Moatt,hmoattk9@biglobe.ne.jp,Male
731,Cathlene,Ovitts,covittska@mit.edu,Female
732,Immanuel,Tassell,itassellkb@sbwire.com,Male
733,Cammy,Cheetham,ccheethamkc@latimes.com,Female
734,Chandal,Rikel,crikelkd@ftc.gov,Female
735,Bobbie,Franseco,bfransecoke@usda.gov,Male
736,Eartha,Eplate,eeplatekf@amazonaws.com,Female
737,Nils,Overy,noverykg@stumbleupon.com,Male
738,Kissee,Nichol,knicholkh@booking.com,Female
739,Addi,Blaes,ablaeski@deliciousdays.com,Female
740,Mellisa,Marquis,mmarquiskj@live.com,Female
741,Allina,Morville,amorvillekk@arstechnica.com,Female
742,Cathyleen,MacNeil,cmacneilkl@ehow.com,Female
743,Jermaine,Jennery,jjennerykm@hibu.com,Female
744,Bradley,Willder,bwillderkn@cmu.edu,Male
745,Katerine,Franceschelli,kfranceschelliko@census.gov,Female
746,Jdavie,Madgewick,jmadgewickkp@cloudflare.com,Male
747,Erroll,Kitcherside,ekitchersidekq@cargocollective.com,Male
748,Alyss,Oakland,aoaklandkr@wordpress.com,Female
749,Calla,Prestige,cprestigeks@fc2.com,Female
750,Amelina,Lowdes,alowdeskt@hp.com,Female
751,Jsandye,Chettoe,jchettoeku@w3.org,Female
752,Lloyd,Skeeles,lskeeleskv@jimdo.com,Male
753,Zachary,Imorts,zimortskw@shop-pro.jp,Male
754,Bondy,Wanka,bwankakx@pcworld.com,Male
755,Care,Mark,cmarkky@clickbank.net,Male
756,Ettore,Dimelow,edimelowkz@wp.com,Male
757,Cami,Tours,ctoursl0@soup.io,Female
758,Fonz,Penni,fpennil1@virginia.edu,Male
759,Fields,Selliman,fsellimanl2@hatena.ne.jp,Male
760,Barthel,Weiser,bweiserl3@rambler.ru,Male
761,Ted,Griss,tgrissl4@ft.com,Female
762,Eva,Topes,etopesl5@freewebs.com,Female
763,Gilberto,Kroon,gkroonl6@illinois.edu,Male
764,Pansie,Mullender,pmullenderl7@histats.com,Female
765,Nan,Geist,ngeistl8@nature.com,Female
766,Paolo,McCready,pmccreadyl9@blinklist.com,Male
767,Dionisio,Kingsman,dkingsmanla@google.com.br,Male
768,Rafaela,Knott,rknottlb@unblog.fr,Female
769,Ulla,Whorall,uwhoralllc@themeforest.net,Female
770,Rinaldo,Tomasello,rtomasellold@merriam-webster.com,Male
771,Hugo,Fearey,hfeareyle@smh.com.au,Male
772,Nial,Clayill,nclayilllf@washington.edu,Male
773,Mireielle,McLarnon,mmclarnonlg@cargocollective.com,Female
774,Chrysa,Guiot,cguiotlh@canalblog.com,Female
775,Hattie,Marchington,hmarchingtonli@cnbc.com,Female
776,Dave,Kintzel,dkintzellj@dagondesign.com,Male
777,Charo,Cicchinelli,ccicchinellilk@seesaa.net,Female
778,Coretta,Murcott,cmurcottll@github.com,Female
779,Kendell,Wraxall,kwraxalllm@cyberchimps.com,Male
780,Raven,Train,rtrainln@wunderground.com,Female
781,Kilian,Green,kgreenlo@mail.ru,Male
782,Grover,Tysall,gtysalllp@pbs.org,Male
783,Sharia,Frenzl,sfrenzllq@elpais.com,Female
784,Michaella,Stedall,mstedalllr@bravesites.com,Female
785,Dahlia,Stiddard,dstiddardls@seesaa.net,Female
786,Jud,Hanny,jhannylt@list-manage.com,Male
787,Armando,Spacy,aspacylu@furl.net,Male
788,Harli,Feldon,hfeldonlv@tumblr.com,Female
789,Griff,Veck,gvecklw@army.mil,Male
790,Syman,Idill,sidilllx@discovery.com,Male
791,Ginelle,Meadmore,gmeadmorely@china.com.cn,Female
792,Edy,Bateman,ebatemanlz@over-blog.com,Female
793,Vivyanne,Schwant,vschwantm0@hud.gov,Female
794,Lusa,Demke,ldemkem1@lulu.com,Female
795,Raquel,Edinburgh,redinburghm2@spiegel.de,Female
796,Ward,Tame,wtamem3@shinystat.com,Male
797,Deanne,Fansy,dfansym4@noaa.gov,Female
798,Edeline,Blyth,eblythm5@digg.com,Female
799,Jessee,Mowbray,jmowbraym6@pbs.org,Male
800,Godart,Francesch,gfranceschm7@sohu.com,Male
801,Jacklin,Pellingar,jpellingarm8@phpbb.com,Female
802,Sadie,Gellibrand,sgellibrandm9@stumbleupon.com,Female
803,Cosme,Kempston,ckempstonma@e-recht24.de,Male
804,Helsa,Keelan,hkeelanmb@webnode.com,Female
805,Thadeus,Bullerwell,tbullerwellmc@naver.com,Male
806,Constance,Golland,cgollandmd@dyndns.org,Female
807,Fabiano,Breens,fbreensme@blogs.com,Male
808,Meredith,Francomb,mfrancombmf@liveinternet.ru,Male
809,Krystle,Hanrott,khanrottmg@elpais.com,Female
810,Isa,Lutsch,ilutschmh@histats.com,Female
811,Burke,Melarkey,bmelarkeymi@apple.com,Male
812,Merry,Addyman,maddymanmj@posterous.com,Male
813,Sile,O'Haire,sohairemk@youku.com,Female
814,Janis,Lakeland,jlakelandml@cam.ac.uk,Female
815,Wash,Strut,wstrutmm@dedecms.com,Male
816,Jamesy,Hardington,jhardingtonmn@time.com,Male
817,Robby,Danzelman,rdanzelmanmo@yolasite.com,Male
818,Arlene,Spring,aspringmp@aboutads.info,Female
819,Golda,Rist,gristmq@spiegel.de,Female
820,Meridith,Mc Dermid,mmcdermidmr@ucla.edu,Female
821,Hetti,Brettelle,hbrettellems@altervista.org,Female
822,Bealle,Dodgson,bdodgsonmt@seesaa.net,Male
823,Hendrik,Menlow,hmenlowmu@paginegialle.it,Male
824,Maddy,Coutthart,mcoutthartmv@netscape.com,Male
825,Emalee,Chaffyn,echaffynmw@irs.gov,Female
826,Gerri,Arkley,garkleymx@kickstarter.com,Female
827,Bran,Alessandrini,balessandrinimy@google.co.jp,Male
828,Konstantine,Docharty,kdochartymz@shutterfly.com,Male
829,Bobette,Glisenan,bglisenann0@homestead.com,Female
830,Susanetta,Banaszczyk,sbanaszczykn1@goo.gl,Female
831,Killy,Buttwell,kbuttwelln2@netvibes.com,Male
832,Georgena,Docwra,gdocwran3@histats.com,Female
833,Celestyn,Feak,cfeakn4@photobucket.com,Female
834,Gwenora,Rookwell,grookwelln5@nsw.gov.au,Female
835,Angelo,Connolly,aconnollyn6@alexa.com,Male
836,Babita,Gommery,bgommeryn7@issuu.com,Female
837,Traver,Flatt,tflattn8@bravesites.com,Male
838,De,Burfitt,dburfittn9@senate.gov,Female
839,Towney,Megarry,tmegarryna@newsvine.com,Male
840,Moss,Charlot,mcharlotnb@typepad.com,Male
841,Min,Sudlow,msudlownc@stanford.edu,Female
842,Karalynn,Wilsone,kwilsonend@si.edu,Female
843,Josy,Follan,jfollanne@ow.ly,Female
844,Boris,Pusill,bpusillnf@businessinsider.com,Male
845,Nikki,Drage,ndrageng@opera.com,Male
846,Lucas,Longman,llongmannh@tripadvisor.com,Male
847,Gram,Flescher,gflescherni@ucsd.edu,Male
848,Jeannine,Gheerhaert,jgheerhaertnj@mozilla.com,Female
849,Timofei,Lakey,tlakeynk@businesswire.com,Male
850,Lonnie,Berkeley,lberkeleynl@list-manage.com,Female
851,Dorelia,Wassung,dwassungnm@technorati.com,Female
852,Ericha,Bonwell,ebonwellnn@4shared.com,Female
853,Bevan,McLurg,bmclurgno@slashdot.org,Male
854,Stace,Noto,snotonp@upenn.edu,Female
855,Mahala,Penas,mpenasnq@elpais.com,Female
856,Damon,Hinchshaw,dhinchshawnr@walmart.com,Male
857,Maisie,Iorillo,miorillons@marketwatch.com,Female
858,Damian,Cobley,dcobleynt@com.com,Male
859,Lenora,Emma,lemmanu@infoseek.co.jp,Female
860,Davide,Crosgrove,dcrosgrovenv@prlog.org,Male
861,Pietra,Shewen,pshewennw@fda.gov,Female
862,Marietta,Suthworth,msuthworthnx@simplemachines.org,Female
863,Wenona,Szymonwicz,wszymonwiczny@icio.us,Female
864,Kellina,Bleddon,kbleddonnz@yandex.ru,Female
865,Gunar,Mangeney,gmangeneyo0@weibo.com,Male
866,Dorri,Gratrix,dgratrixo1@bizjournals.com,Female
867,Aymer,Gonzalo,agonzaloo2@google.it,Male
868,Desiree,McIleen,dmcileeno3@sun.com,Female
869,Neille,Zannetti,nzannettio4@cdbaby.com,Female
870,Antonin,Van Arsdall,avanarsdallo5@virginia.edu,Male
871,Philbert,Peart,ppearto6@linkedin.com,Male
872,Erminie,Munt,emunto7@bandcamp.com,Female
873,Salim,Golley,sgolleyo8@stanford.edu,Male
874,Axe,Povey,apoveyo9@homestead.com,Male
875,Katti,Mowbury,kmowburyoa@uol.com.br,Female
876,Halli,Causby,hcausbyob@blogspot.com,Female
877,Rahel,Sedgmond,rsedgmondoc@nps.gov,Female
878,Finley,Cordner,fcordnerod@nih.gov,Male
879,Kris,Labba,klabbaoe@yahoo.co.jp,Male
880,Yovonnda,Vales,yvalesof@macromedia.com,Female
881,Gav,Gallacher,ggallacherog@php.net,Male
882,Elvyn,Daftor,edaftoroh@surveymonkey.com,Male
883,Luise,Belasco,lbelascooi@google.com,Female
884,Torry,Harrow,tharrowoj@utexas.edu,Male
885,Alecia,Geary,agearyok@networksolutions.com,Female
886,Bondon,Tammadge,btammadgeol@baidu.com,Male
887,Greg,Eastes,geastesom@amazon.com,Male
888,Hazlett,Altree,haltreeon@reuters.com,Male
889,Jerome,Pietesch,jpieteschoo@tripod.com,Male
890,Betsy,O'Drought,bodroughtop@canalblog.com,Female
891,Freddie,Rudd,fruddoq@miibeian.gov.cn,Male
892,Minta,Suston,msustonor@spiegel.de,Female
893,Cyndia,Allonby,callonbyos@amazon.com,Female
894,Marion,Montrose,mmontroseot@dropbox.com,Male
895,Ulysses,Opdenort,uopdenortou@constantcontact.com,Male
896,Felisha,Paunton,fpauntonov@ycombinator.com,Female
897,Maurizia,Beaudry,mbeaudryow@sfgate.com,Female
898,Leticia,Neubigin,lneubiginox@japanpost.jp,Female
899,Mead,Sked,mskedoy@prnewswire.com,Female
900,Hashim,Cabrales,hcabralesoz@vimeo.com,Male
901,Matthieu,Mounsey,mmounseyp0@mashable.com,Male
902,Melvyn,Dickens,mdickensp1@creativecommons.org,Male
903,Mahmoud,Edmondson,medmondsonp2@economist.com,Male
904,Hanna,Pietruszka,hpietruszkap3@nps.gov,Female
905,Verena,Laxtonne,vlaxtonnep4@bluehost.com,Female
906,Allison,Marde,amardep5@home.pl,Female
907,Rozalie,Overstreet,roverstreetp6@state.gov,Female
908,Tannie,Bullimore,tbullimorep7@cmu.edu,Male
909,Bradley,McClosh,bmccloshp8@theglobeandmail.com,Male
910,Jerry,Bremeyer,jbremeyerp9@salon.com,Male
911,Abigale,Turton,aturtonpa@phpbb.com,Female
912,Idaline,Coxen,icoxenpb@de.vu,Female
913,Powell,Beard,pbeardpc@chronoengine.com,Male
914,Heidie,Wilshire,hwilshirepd@e-recht24.de,Female
915,Hesther,Shankle,hshanklepe@amazonaws.com,Female
916,Clarke,Halworth,chalworthpf@friendfeed.com,Male
917,Noby,Mandres,nmandrespg@eventbrite.com,Male
918,Vonnie,Bertenshaw,vbertenshawph@smh.com.au,Female
919,Dene,Marklow,dmarklowpi@plala.or.jp,Male
920,Rosaleen,Lemerle,rlemerlepj@admin.ch,Female
921,Karie,Berford,kberfordpk@nydailynews.com,Female
922,Clark,Sibbert,csibbertpl@phpbb.com,Male
923,Nikolia,Jina,njinapm@csmonitor.com,Female
924,Audrie,Atwood,aatwoodpn@scribd.com,Female
925,Gayle,Wrightson,gwrightsonpo@hud.gov,Male
926,Marjorie,Fairhurst,mfairhurstpp@slashdot.org,Female
927,Daron,Sings,dsingspq@cisco.com,Female
928,Andria,Heads,aheadspr@java.com,Female
929,Minne,McCoveney,mmccoveneyps@samsung.com,Female
930,Carolyne,Roderigo,croderigopt@behance.net,Female
931,Noby,Solomonides,nsolomonidespu@goo.gl,Male
932,Tersina,Battabee,tbattabeepv@cocolog-nifty.com,Female
933,Lorry,Baumler,lbaumlerpw@themeforest.net,Male
934,Stacey,Annott,sannottpx@berkeley.edu,Female
935,Currie,Broseman,cbrosemanpy@nature.com,Male
936,Gran,Brant,gbrantpz@thetimes.co.uk,Male
937,Carmencita,Casiroli,ccasiroliq0@domainmarket.com,Female
938,Kissiah,Chastagnier,kchastagnierq1@topsy.com,Female
939,Samson,Dullard,sdullardq2@photobucket.com,Male
940,Christoper,Creyke,ccreykeq3@hubpages.com,Male
941,Ram,De Giorgi,rdegiorgiq4@youtube.com,Male
942,Lyn,Parsand,lparsandq5@addthis.com,Male
943,Wyndham,Castells,wcastellsq6@guardian.co.uk,Male
944,Zeb,Raubenheimers,zraubenheimersq7@opensource.org,Male
945,Bentlee,Vanner,bvannerq8@wikia.com,Male
946,Knox,Vonderdell,kvonderdellq9@newyorker.com,Male
947,Rosalinde,Simenet,rsimenetqa@qq.com,Female
948,Shandy,Alford,salfordqb@rakuten.co.jp,Female
949,Dar,Corran,dcorranqc@ustream.tv,Male
950,Kelwin,Wooder,kwooderqd@yahoo.com,Male
951,Delia,Riseborough,driseboroughqe@seattletimes.com,Female
952,Clo,Breinl,cbreinlqf@facebook.com,Female
953,Marcus,Barnwell,mbarnwellqg@archive.org,Male
954,Aeriela,Lestrange,alestrangeqh@pbs.org,Female
955,Rodolfo,Antonchik,rantonchikqi@deviantart.com,Male
956,Cecilius,Woodburn,cwoodburnqj@scribd.com,Male
957,Lindsey,Lawrenson,llawrensonqk@independent.co.uk,Female
958,Emanuele,Delucia,edeluciaql@joomla.org,Male
959,Elton,Matityahu,ematityahuqm@biglobe.ne.jp,Male
960,Devlin,Walburn,dwalburnqn@wordpress.org,Male
961,Kelly,Melan,kmelanqo@delicious.com,Male
962,Tonia,Wodham,twodhamqp@yahoo.co.jp,Female
963,Farah,Anfossi,fanfossiqq@behance.net,Female
964,Willie,Pooly,wpoolyqr@arizona.edu,Male
965,Mignonne,Gildersleaves,mgildersleavesqs@goodreads.com,Female
966,Camella,Alam,calamqt@princeton.edu,Female
967,Kristal,Dockrell,kdockrellqu@bbc.co.uk,Female
968,Wandie,Sturman,wsturmanqv@yahoo.co.jp,Female
969,Herve,Riedel,hriedelqw@npr.org,Male
970,Luisa,Seary,lsearyqx@shinystat.com,Female
971,Merrilee,McQuilliam,mmcquilliamqy@harvard.edu,Female
972,Keene,Cawthron,kcawthronqz@sina.com.cn,Male
973,Bunnie,Dries,bdriesr0@nba.com,Female
974,Marcus,Denness,mdennessr1@theatlantic.com,Male
975,Sax,Strutz,sstrutzr2@soup.io,Male
976,Cam,Binnes,cbinnesr3@jigsy.com,Male
977,Jdavie,Sawrey,jsawreyr4@slate.com,Male
978,Franny,Gronw,fgronwr5@mapquest.com,Female
979,Fitz,McGawn,fmcgawnr6@webnode.com,Male
980,Cher,McNeilly,cmcneillyr7@tmall.com,Female
981,Fielding,De Biasi,fdebiasir8@squidoo.com,Male
982,Rickert,Uvedale,ruvedaler9@state.tx.us,Male
983,Jerrilee,Joule,jjoulera@weibo.com,Female
984,Rozele,Richly,rrichlyrb@redcross.org,Female
985,Morgen,Bulch,mbulchrc@bloglines.com,Male
986,Torin,Dowles,tdowlesrd@amazon.com,Male
987,Diena,Beacom,dbeacomre@archive.org,Female
988,Mason,Ricardot,mricardotrf@diigo.com,Male
989,Esra,Sunman,esunmanrg@house.gov,Male
990,Pepi,Hazley,phazleyrh@yellowpages.com,Female
991,Glynn,Bing,gbingri@is.gd,Male
992,Cris,Cristofano,ccristofanorj@ox.ac.uk,Female
993,Pearline,Ailward,pailwardrk@sogou.com,Female
994,Meir,Castellani,mcastellanirl@gizmodo.com,Male
995,Moise,Bertenshaw,mbertenshawrm@usa.gov,Male
996,Seana,Croisdall,scroisdallrn@sakura.ne.jp,Female
997,Dalia,Lambarth,dlambarthro@weibo.com,Female
998,Alene,Sousa,asousarp@pinterest.com,Female
999,Adan,Shivell,ashivellrq@sohu.com,Male
1000,Gretel,Shallow,gshallowrr@discuz.net,Female
